NUM,EXPECTED,model_epoch_01_gs_6146_beam_width_5,# characters,edit distance
1,ずっと先のことだけどね,ずっと先のことだけどね,11,0
2,おなか減って死にそうだよ,同かってってにそうだよ,12,5
3,水野先生がおっしゃったように,みずの選成が大まったいように,14,10
4,治療法が見つかるかもしれない,地料法が見つかるかもしれない,14,2
5,お母さん代わってあげられなくてごめんね,おかさんかわわって上げられなくてごめんね,19,4
6,お前がそんなことでどうすんだよ,今前がそんなことで同数だそよ,15,6
7,あいつはそんなヤワじゃねえよ,いいつはそんなわわじゃねよよ,14,4
8,あいつが折れそうになったら,いいつがおれそうになったら,13,2
9,弘樹もここしょうゆついてる,年気もここ調務ついてる,13,6
10,わたしの世界はまるで変わってしまった,私の世界はまるでかわってしまった,18,4
11,後ろから答案用紙集めて,おろろかと当安用したつめて,11,8
12,今年遊んどかないともう遊べないよ,今年あんどこないともうあよえないよ,16,5
13,アクアトピアに乗りたい,アクアトピイニのリタイ,11,6
14,女ってよくしゃべんなあと思って,どんなってよくはベンなあと思って,15,7
15,カメの餌やりとか金魚の餌やりとか,カメの声やりとか金を声さらりとか,16,5
16,そんなの誰かに頼めばいいじゃない,そんなの誰かにたのメバイイジじない,16,8
17,薬の効果やリハビリの方法を,クスリの公化やりはビリの方法を,13,7
18,確認したいと思ってます,確認したいと思ってます,11,0
19,こんなふうに毎日少しずつ,こんな風に毎日少したつつ,12,4
20,何かができなくなっていくの,何かができなくなっていくの,13,0
21,目を閉じて次の日が来るのがこわい,目をと事定に日がくるのがこわい,16,6
22,朝が来て悪くなってるかもしれないと,さかがきてわるくなってるかもしれないと,17,5
23,でもお父さんが聞いたら大変だね,でもお当さんがきいたたた時件だね,15,6
24,だってわたし病気になっちゃったでしょ,だって私業期になっちゃったでしょ,18,5
25,だから先輩にも迷惑かけちゃうかも,だからセンパイにもメミアクかけ調画かも,16,11
26,不公平なことをしようとしてるのは,不藤へなことを使用としてるのは,16,5
27,花火大会ぐらい一緒に行くでしょ,はワイタイキアグライイショシにいくでしょ,15,15
28,できること自分から投げ出すなんて,できること時分からけが出すなんて,16,3
29,神様は不公平だなんて言った,カミママは不行平打なんていった,13,7
30,浴衣着て髪アップにしたら,組加的を明っプにしたら,12,7
31,先輩きっとびっくりするわよ,センパイキットビックリスルさり,13,15
32,お母さんの後光が見えてきたような気がする,お回さんのご公が見えてきたようなきがする,20,4
33,わたしは自分を信じて行動すればいい,私は自分を新じて公動すればいい,17,5
34,やっぱ夏は浴衣とスイカと,やっぱなつはいかたとすいかと,12,8
35,お友達もみんなついてるし,今もだちもみんなついてる,12,5
36,見つける必要があります,見つける必要があります,11,0
37,夏休みを利用して検査のための,夏山を利用して検査のための,14,2
38,入院をされてはいかがでしょうか,入院をされてはいかがでしょうか,15,0
39,効果には個人差があるので,こうかにはコジンさがあるので,12,7
40,少し長くなるかもしれないから,少しな学なるかもしれないから,14,2
41,お前たちもう遅いから寝なさい,大合たちもおおいいからねなさい,14,6
42,周りが目に入らなかったんだよ,回りが目にはいらなかったんだよ,14,3
43,リハビリを担当する田辺です,リはビリを担当するたなけです,13,4
44,ショックも考えてみろよ,ショックも考えてみよろ,11,2
45,患者も医師も治療に専念する,間間もいしも調量に選念する,13,7
46,すぐお見舞い行かなきゃ,すうごみまいいかな感,11,7
47,クラスのみんなに声かける,クラスの民なに行えかける,12,4
48,亜湖お母さん夕方病院寄ってくるから,今回さん数が月日インよってくるから,17,11
49,遅くなると思うんだけど,お速なると思うんだけど,11,2
50,なるべく早く帰るようにはするけど,なるべくは約かえるようにはするけど,16,4
51,わたしマミと約束あるんだから,私マミト約速あるんだから,14,5
52,今は家族が一致団結して,今はカククがイッチ万決して,11,8
53,ガトーボヌールのケーキだ,がフォUボUルルのケUキだ,12,7
54,一応人数分買ってあるわよ,一藤人数分かってあるわよ,12,2
55,麻生君に会いたくて来たのにね,そうクンニニアタク的たのにね,14,10
56,一応声はかけたんっすけどね,一行こけはかけた担作けどね,13,6
57,何か感じが変わっちゃった,なにかかじじがかわったちった,12,7
58,今度は捕まんないようにしろよ,今度はつかんないようにしろよよ,14,3
59,途中まで一緒にいたんだけど,と中まで一緒に言いたんだけど,13,2
60,次の日川島で発見されたの,次のにっかわとうで発件されたの,12,7
61,あんまり信用してないらしい,アンマリシュようしてないらしい,13,8
62,友達来てくれてよかったわね,ともだちきてくれてよかったわね,13,5
63,こんなにたくさんもらっちゃった,こんなにたくさんもらったちった,15,2
64,動いてくると思いますけれども,上いてくると思いますけれども,14,1
65,両手を上げて手のひらを上にして,料手を上げてての年を上にして,15,4
66,デートに行けるとなったら,デUトに言けけるとなったら,12,3
67,そんなことないですって,そんなことないですって,11,0
68,今できること頑張るって決めたんだ,今できることが番バルテェケメンだ,16,9
69,原因不明の神経変性疾患,現因フェイジの新計編成した感,11,12
70,じゃあ結局今日の池内との,アアアケック局の入けたとの,12,10
71,どうしようかと思ってさ,同しようかと思ってさ,11,2
72,せっかくの誕生日の日に,セッククの端上機の日に,11,7
73,さっき病院に電話きてた,サッキ製院に電話的て,11,6
74,メスは餌を探しに出るんだけど,メスは世を探しにでるんだけど,14,2
75,その間どんなに腹減っても,そのカンドなにはら変っても,12,6
76,ずっと卵守って待ってんだよ,アットタマジョマもってまってんだそよ,13,11
77,本当は先輩は来ないかもって思ってた,本当は先敗はこないかもって思ってった,17,3
78,何言ってるか分かんなくなっちゃうんだって,なにいってるかかわんなくなっちゃんんだって,20,6
79,最後には寝たきりになって,最後にはネタキリになって,12,4
80,その人物は派手なパンクファッションに,その人物ははでなパンクフォUションに,18,4
81,身を包んでいたそうですが,みをつつんでいたそうですが,12,3
82,まさにあんな感じでした,まさになんな感じでした,11,1
83,記憶には自信があるんです,ききくには自信があるんです,12,3
84,先ほどあなたが見たのは,さきほどあなたが見たのは,11,2
85,さっき記憶には自信があると,さっきききくには自信があると,13,3
86,自信がなくなってきました,自身がなくなってきました,12,1
87,でも見てみたかったわね,でも見てみたかったわね,11,0
88,いろいろ教えてくださいね,いろいろ押せてくくさいねね,12,4
89,事務所の経営に貢献してくださいね,自務所の経営に広験してくださいね,16,3
90,それはいいじゃないですか,それはいいじゃないですか,12,0
91,協力したのは私たちです,強力したのは私立ちです,11,2
92,私も協力をお願いされたら,私も強力をお願いされたら,12,1
93,カツラぐらいは被りましたよ,カツラグライは公すりましたよ,13,5
94,私もちょっとは協力しました,私もちょっとは強力しました,13,1
95,こういう時はじゃんけんでしょ,こういうときは前件でしょ,14,7
96,宮田さんじゃんけんに勝てて,見やたさんんん件にかってて,13,9
97,思いっきりのんびりしちゃいましょ,思いっきりのビビリしちいましょ,16,4
98,とりあえずお風呂入りましょうね,トリアアイオフロはいりましょうね,15,10
99,恐ろしい殺人事件が起きる事など,おそろしい次人時件が行きることなど,15,7
100,のんびりしようって言いましたよね,のビビリしようていいましたよね,16,5
101,プロデューサーの仕事でしょ,プロデュUサUのしごとでしょ,13,5
102,撮り方の工夫で何とかするから,とりかたのク含でなんとかするから,14,7
103,あさすが大女優って感じ,アサスが大女数って感じ,11,4
104,高校の時の友人なんです,公行の答の有人なんです,11,4
105,私たちここに泊まってるの,私たちここにとまってるの,12,1
106,まだ駆け出しみたいですけど,まだかけだしみたいですけど,13,2
107,お肌ツルツルになるんですって,大はつるつるになるんですって,14,6
108,いろいろと苦労したんだね,いろいろとくろうしたんだね,12,3
109,私は今回だけなんだけどね,私は今回だけなんだけどねね,12,1
110,真理江さんは体調が悪いみたいで,マリエややは対長が悪いみたいで,15,7
111,何かちょっと怖そうな人ね,何かちちと行わそうな人ね,12,4
112,ホントはいい人なんだよ,本とはいい人となんだよ,11,4
113,朝から監督の姿が見当たらなくて,やかから簡督のスが型見たたなくて,15,7
114,スケジュールも狂っちゃって,スケジュUルもクルチャッて,13,6
115,私そんなメール出してません,私そんなメUルだしてません,13,2
116,送信記録が残ってますよ,総新広画がこってますよ,11,5
117,温泉で殺人事件と遭遇したの,オンセンでシャジジジェントよう上したの,13,15
118,写真だけでわかるわけないだろ,写真だけでわるわけけないだろ,14,2
119,山岡監督と田代睦美の間には,やまおかかんとくとたらコムミニの話は,13,16
120,という憶測が飛び交っている,という奥作が取りかっている,13,5
121,マスコミで話題になっている事件だけに,ままも見で話いになっている時件だけに,18,6
122,勝訴すれば事務所の名前が上がりますね,詳そすれば事務所の名前があがりますね,18,3
123,あなたがそこまで言うんだったら,あなたがそこまでいうんだったら,15,1
124,それは私がよく知っています,それは私がよくしています,13,2
125,ホテルの最上階にある展望風呂,ホテルの最上会にある点不夫,14,5
126,郡山まで行く車の中から,今割ままでいくくるもの中から,11,7
127,先に帰ったお詫びをしておこうと思って,さきに変えたお回をしておこうと思って,18,6
128,そこで最上階の展望風呂の事を,そこで最上会の展望フロのことを,14,5
129,お肌がツルツルになるから,以はがつくつるになるから,12,6
130,協力するから何でも言ってね,強力するからなにでもいってね,13,4
131,誰かが勝手に自分の携帯を使って,誰かがかってに自分の携帯を使って,15,3
132,真犯人が見つからないまでも,新半人が見つからないまでも,13,2
133,では被告人は席に戻ってください,では日国人は先にもどってください,15,5
134,切迫流産の危険があったそうですが,セッチカブ約前の変けがあったそうですが,16,9
135,数日入院すれば心配ないそうです,数日入院すれば新敗いないそうです,15,3
136,じゃあ裁判はいずれ再開されますね,ア間最版はいずささい開されますね,16,8
137,それにしても前代未聞ね,それにしても全台みも問ね,11,5
138,睦美どうして教えてくれなかったんだろう,ム実道して教えてくれなかったんだろう,19,4
139,監督が恨まれるなんてないと思う,監督があらまれるなんてないと思う,15,2
140,厳しいけど思いやりのある人だから,機載しいここもいいやりのある人だから,16,6
141,常連に売ったような気がしますね,上連にいったようなきがしますね,15,3
142,じゃ山岡さんが殺害された時刻に,回山かさんが活が入れた時国に,15,7
143,ラウンジであなたと一緒にいたのは,ラウンジであなたと一緒にいたのは,16,0
144,ありがとうございました,ありがとうございました,11,0
145,何か睦美ちゃんに不利になる事を,何が含みチャンにフリになることを,15,10
146,告げ口するみたいで話しにくくてね,つが受つする見いではなしにくるてね,16,9
147,拘置所に戻されたそうよ,公地市にもどされたそよよ,11,6
148,色々訊いて回ったんですけど,おいろききて見わったんですけど,13,7
149,あの日先に東京に帰ってます,あの日崎に東京にかけてまます,13,4
150,香山プロデューサーが証言してます,カカマプロデュUサUが勝減してます,16,7
151,インターネットを通じて投稿するんです,インタUネットを通じて投行するんです,18,2
152,この動画が投稿されたのが,この動画が投行されたのが,12,1
153,つまり事件翌日の朝です,つまり時件よう実のやさです,11,6
154,やっぱり撮影されたのは,やっぱり撮影されたのは,11,0
155,帽子とマスクの男いたじゃないですか,ボクしとますくの大いいたじゃないですか,17,8
156,あの正体がわかったんです,あの紹態がわかったんです,12,2
157,相手役を務める須藤健一さんから,いいて約をツトメルス登件一産から,15,13
158,抱負を伺いたいと思います,東府を行がいたいと思います,12,4
159,ファンの人は立ち入り禁止ですよ,ファンの人はたちいり金しですよ,15,4
160,柔軟性があるって事じゃないですか,中男性があるってことじゃないですか,16,4
161,車まで乗せていただいて,くるまでのセティタだいて,11,7
162,それはアリバイでも何でもないぞ,それはアリイでもなにでもないぞ,15,3
163,せっかく優しくしてあげたのに,セケックやさしくしてあげたのに,14,6
164,先生この部屋何か暑くないですか,専生このへやなにかかくないですか,15,6
165,リモコンどこいっちゃったんだろう,リモコンド大ったったんだろう,16,5
166,ずっと聞かせてもらったってわけだ,ずっときかせてもらっったってわけだ,16,2
167,お手柄と言いたいところだがな,いてがらといいたいところだがな,14,5
168,これが山村ヨウコの細胞,これが約マクようこのサイボ,11,9
169,あれならとっくに解析処理を終えた,あれならとックに開成式ををえた,16,7
170,俺のほうでも調べてみたいんだ,おれの方でも白べてみたインだ,14,7
171,訓練を受けた張本人ですら,クン連を受けた調本人ですら,12,4
172,耐え切れる者はいません,たえきれるものはいません,11,4
173,一緒にご飯食べるところなの,一緒に後はタンセルところなの,13,6
174,こんな訪ね方しか出来なくて,こんなたずけた私できなくて,13,7
175,あるヤツの名前と住所を,ある新の名エット上社を,11,7
176,そしたら本当にそいつが死んで,そしたら本当にそいつが新で,14,2
177,やつらにやられっぱなしだ,新らにやられっぱなしだ,12,2
178,いま少し休ませてるんです,いますこしやすまててるんです,12,5
179,再開されることへの恐怖を抱きます,最回されることへの強布を行いきます,16,6
180,間もなく彼女は落ちます,まもなくかの事は高ます,11,6
181,しっかり覚えてほしんだけど,しっかりおばえてほシンだけど,13,4
182,父親のことをあいつに知らせるな,ちちおやのことを追いにしらせせるな,15,8
183,全然落ちねーじゃないか,全全同ネUジャないか,11,7
184,予想以上に粘っています,予想以上にねばっています,11,2
185,だったらもっとレベルを上げろ,だったらもっとレベルを上げろ,14,0
186,死んでしまったら二度と手がかり,新でしまったらにどと手がかり,15,4
187,関わらせることは本当に避けたいんだが,かかわらせることは本当にさけたいんだが,18,3
188,あいつらを捕まえるチャンスなんだろ,いいつらを使ええるチャンスなんだろ,17,3
189,テロリスト確保の際に何かあった時は,取りリストカクほの最にになかったときは,17,11
190,国を守ることが最優先だ,クにをマモルことが最有戦だ,11,7
191,でもちょっと元気出てきました,でもちょっと現気でてきました,14,2
192,その人に会わせてあげる,その人に合わせて上げる,11,2
193,そんなもんさっきの青い車を,そんなもサックの多いくるまを,13,8
194,捕まえてみればわかるんだよ,使ええてみればわわるんだよ,13,3
195,もう少しで大切な証人を,もう少しで対策な商人を,11,3
196,少々強引なところがありまして,紹介ごいんなところがありまして,14,5
197,何かいじってないと落ち着かなくて,何回時的ないと高つかなくて,16,8
198,自動車販売会社に勤める,自動者販売会社につとめる,11,3
199,現場に争った形跡がなかったことから,現場にありまった形績がなかったことから,17,4
200,ずいぶん辺鄙なところだな,イイインへ年にところだな,12,7
201,ウイルスを隠しているんだから,イイルスを確しているんだから,14,2
202,仲間を引き連れて戻ってくるかもよ,中かを引き切れてもどってくるかもよ,16,5
203,下手な心理戦仕掛けやがって,食な新理選しかけやがって,13,6
204,俺たちに何も出来なくさせる,あれたちに何もできなくさせせる,13,5
205,今のところ見当たらない,今のところみたたらない,11,2
206,そんなもんさっきの青い車,そんなモUキキのあいくるま,12,9
207,俺も早く気づくべきだった,あれもは約月付けきだった,12,8
208,あんたが犯人だってわかるようになっています,アンタが半人だってわるようになっています,21,5
209,言い訳は本部でゆっくりしろ,いいわけは本部でアククリシロ,13,9
210,あなたは私たちが言うことを,あなたは私たちがいうことを,13,1
211,ヒーローが犯人の背中に,ピUロUが半人のせなかに,11,7
212,これからは嘘だって思いなさい,これからはうそだって思いなさい,14,2
213,それじゃあ最後にもうひとつ頼む,それが回最後にもう人つたの目,15,8
214,上空から現場の画定はできません,上宅から現番の各定はできません,15,3
215,その後の状況報告お願いします,その後の状況法告行願いします,14,2
216,お互い頑張って生きていきましょうね,あたがいん版っていきていきましょうね,17,6
217,報告が送れてすみません,方国が高れてすみません,11,3
218,銃を奪われ撃たれました,上を増われるたれました,11,3
219,自分の正体がバレたのか,自分の詳体がバレタのか,11,2
220,このままの流れで決行だ,このままの中れで決告だ,11,2
221,高木君家にいなかったんだけど,高議関にいなかったんだけど,14,3
222,こちらの方とも確認してみます,こちらの方とも確認してみます,14,0
223,遥ちゃん今病院なんですけど,はクカチャンコン病院なんですけど,13,8
224,お兄さんのことすごく心配していて,いにいさんのことすごく新敗していて,16,5
225,あちこちに大きいホースが,あちこちにおいいいポUスが,12,5
226,今すぐ空調を全部止めて,いますぐく調を全部とめて,11,4
227,感染したと決まったわけじゃないだろう,関選したときまったわけじゃじないだろう,18,4
228,対テロを専門としている組織だ,タイテロをセンメントしているよしきだ,14,10
229,研究室に戻る気はありません,検索質にモルク機はありません,13,7
230,やっぱり食われたのは宝生,やっぱりわわれたのは方調,12,3
231,我々へのウィルステロは失敗だ,われわれへの乗るストラはシッパだ,14,12
232,全員殺すつもりだったの,全員ころすつもりだったの,11,2
233,すぐに出動の要請をする,すぐに出うどの用性をする,11,4
234,当たれば高圧電流が流れて,たっれば行いつ電売ががかれて,12,8
235,どうしたらこの国を救えるのか,どうしたらこの分をすくえるのか,14,3
236,俺にはただずっと側にいてほしい,例にはたずずとがわにいてほしい,15,5
237,これを届けにきてくれたの,これをとどけに切てくれたの,12,3
238,あなたに会いたいって言ってるのよ,あなたにアイタイテイテテルのよ,16,10
239,でもこれで追跡は不可能よ,でもこれで追影は外可能よ,12,2
240,相変わらず気持ちいいほど自分本位,いいかわらずきしちいいほど時分本員,16,7
241,科学捜査などの専門的捜査で,価格総さなどの専門的用さで,13,6
242,凶悪犯罪に対応していくチムです,強く中全に対応していくチェムです,15,5
243,あの女と同期だそうです,あのオントと動きだそうです,11,5
244,それに新しい部署の失敗は,それに新しいブシノシシパは,12,6
245,どこの部署からもいらない精鋭たちが,ここのブショからもいらない世界的が,17,8
246,容疑者じゃありませんよ,容疑者じありませんよ,11,1
247,暴力事件を起こしてましてね,防力時件を行こしてましてね,13,3
248,どうぞよろしくお願いします,どうぞよろしくお願いします,13,0
249,こんな部署やることないでしょ,こんなブショアルことないでしょ,14,5
250,身元不明の焼死体が発見された,みもと不明の詳したいが発戦された,14,8
251,上半身が丸焦げだったようです,上半新がまるこけがったったようです,14,8
252,あと片腕が折れていたとか,あと型でがあれていたとか,12,3
253,わたし刑事じゃないですから,私計時間ないですから,13,7
254,警察といえどもね異動はあるの,携末といえども言い同はあるの,14,5
255,わたし人間に興味ないんで,私人限に強みないんで,12,6
256,片桐さんにはお似合いですね,かたぎりさんには以にアイですね,13,8
257,相当手広くやっていたようで,そうとティビロクやっていたようで,13,8
258,炭化した内臓が粉砕してた,タンかした内蔵がフィン最してたた,12,9
259,着任早で張り切ってんのは分かるが,チャクにはやではリキッチンのはわわるが,16,14
260,鉄塔に登らせた可能性が,テット人のボラセカ可能性が,11,9
261,じゃあこの着信履歴調べれば,アアカコのチャクシリレキシラレベレバ,13,17
262,それからついでに現場で,それからついでに現番で,11,1
263,それにそんな薬品なんて,それにそんや約品なんて,11,2
264,近どこかと合併するとか,金度こかとが月生るとか,11,5
265,業界大手のグロリアス薬品と,業界おいてのグロリアス約人と,13,5
266,またテレビで報道されると思います,またテレビで報動されると思います,16,1
267,焼死ならそうはいかないわ,詳しならそうはいかないわ,12,2
268,わたしがこの目で確認してる,私がこのメで確認してる,13,4
269,指示を受けていたことが分かってる,仕事を受けていたことがわかってる,16,3
270,摩擦で爆発するようになっていた,ままつで爆発するようになっていた,15,3
271,つまり一度着たら脱ぐことのできない,つまり一度立たらくがことのできない,17,3
272,一番いやなことさせたわけか,一番いやなことさせたわけかか,13,1
273,あまり評判のよくない銀行です,あまり標番のよくない人行です,14,3
274,次の犯行もすぐに起こるわ,次の判行もすぐにころわる,12,4
275,改造したスタンガンが見つかった,回場したスタンガンが見つかった,15,2
276,セットされてる可能性が極めて高い,セットされてる可能性が変わめてたかい,16,4
277,そういうことだ遊んでる暇はない,そういうことだそんでる日まはない,15,3
278,やはり爆弾はセットされてるな,やはリククダンはセットされてるなな,14,6
279,時間なんて気にする必要ない,時間なん的にする必要ない,13,2
280,かなり精密にやらないと,かなり制見つにやらないと,11,3
281,ほんのわずか多めにする,本のやくかお込めにする,11,6
282,それも何度かやってみないと分からない,それもなんどかやってみないとわわらない,18,5
283,戸倉さんにお聞きしました,とくらさんにおきききしました,12,5
284,何から何まで教えていただきました,何からなにまで教えていただきました,16,2
285,嘘は絶対に言ってはならない,そうは全体にいってはならない,13,5
286,今爆弾処理班が向かっています,コンバッダンシリハンが向かっています,14,10
287,もう少し待てばよかったんだよ,もう少しまればよかったんだよ,14,2
288,言わせるために作ったんだって,いわせるためにつくったんだって,14,3
289,それはわたしが優秀だからです,それは私が有集だからです,14,5
290,ここは誰も教えてくれないからな,ここは誰も教えてくれないからな,15,0
291,あののっぽと付き合ってる男,あの日本つきあってるとおこ,13,9
292,現実的にはそうかもしれない,現実的にはそうかもしれない,13,0
293,でも撃てなきゃ刑事じゃない,でもうてな客計時間ない,13,7
294,お前のこと色々噂になってるぞ,お前のこといろいうわわになってるるぞ,14,7
295,さっき台東区で女子大生が,さったいいとくくで女市大性が,12,8
296,共に地取り鑑取りを行っていますが,とも日トリカントリリを行っていますが,16,10
297,問題はこのインターネットの掲示板,問題はこのインタUネットの計時分,16,4
298,また一人処刑してやった,また一人所計してされた,11,4
299,一人目の処刑者よしおかひとみ,一人目の初計者よしおかち人,14,5
300,殺人犯を英雄視してるんだ,月人はを映由ししてるんだ,12,5
301,書き込みの情報によると,かき込みの情報によると,11,1
302,巨大なダガーナイフを持ち,公大なだがUナイフを持ち,12,4
303,そのマークを現場にも残す,そのマUクを現場にものこよ,12,4
304,総合するとこんな感じです,総場するとこんな感じです,12,1
305,インターネットのデマじゃない,インタUネットのでままゃない,14,4
306,共に頑張ろうぜおっさん,ともにガンバロ動題さん,11,9
307,ちょっと調べてほしいことがあるんです,ちょっと白べてほしいことがあるんです,18,1
308,大事件に発展するかもしれないんです,大時件にはテッテスルかもしれないんです,17,7
309,吉岡さんはお酒を飲んだ,よしおかさんは最下をのんだ,11,7
310,ベッドの脇に落ちたことによる,ベッドのわきにこちたことによる,14,3
311,現場にばってんマークとか,現場にバッテンマUクとか,12,5
312,そんなやつおるわけないやろ,そんなやつうるわけないやろ,13,1
313,全てフリースペースに置いてある,すべてフリUスペUスにいいてある,15,5
314,それぞれの所轄に連絡させて,それぞれの初活に連絡させて,13,2
315,同じ人間が書き込みしてるようです,同じ人限がかき込みしてるようです,16,2
316,このインターネットに参加している全員が,このインタUネットに参加している前員が,19,2
317,でも彼女は服の上からだった,でもかの事は含の上からだった,13,4
318,神なんて祭り上げられて,かみなんてまつり上げられて,11,4
319,ぺらぺらしゃべっていたそうだな,ペレレラシャセテティアアス様だな,15,14
320,その口の軽さで逮捕できたよ,その口のかるさでい人できたよ,13,4
321,逮捕されたのは都内に住む,体はされたのはとないにスム,12,7
322,捕まった奴は神なんかじゃない,使まったやつはかみなん感じない,14,7
323,親御さんからは頑張れば,おやご参加かはが番レレバ,11,11
324,傷つくこともないんだもんね,きずつくこともないんだもんね,13,2
325,だから何が言いたいんだって,だから何がいいたインだって,13,3
326,塀の向こうに落ちた神様,平の向うに言ちた高みま,11,6
327,インターネットは祭りよ,インタUネットはまつ利用,11,5
328,まだ連絡の取れなかった,まだ連絡のとれなかった,11,1
329,気力があればなおさら危険ですね,き力があればなおさら変係ですね,15,3
330,インターネットの書き込みの,インタUネットのかき込みの,13,2
331,本当の怪物を生んでしまった,本当の回物を運でしまった,13,3
332,面白がった誰かが名前を書き込む,おもころがっただれかが名前を変き込む,15,7
333,その期待に応えようとするはず,その近いに答えようとするはず,14,3
334,一刻も早く逮捕しなければ,一告もは約対子しなければ,12,5
335,それぞれ保管室に行って,それぞれほ感質にいって,11,4
336,拳銃を携行していくように,検務を経行していくように,12,3
337,もうちょっといい写真使いなさい,もうちちといい社新使いなさい,15,4
338,護衛捜査員はこれから選出する,上映想サインはこれから選出する,14,6
339,一刻も早く発表したいらしいから,一告もは約発表したいらしいから,15,3
340,あっけない最期でしたね,あっけない最後でしたねね,11,2
341,この犯人だけがインターネット上の神を,このハンニンだけがインタUネット上の楽を,18,6
342,つまりとっくに死んでる遺体に,つまりトックにシンデルタイイに,14,10
343,今は中がジッパーになってる,今はなかが実パUになってる,13,5
344,インターネットのオークションで買った,インタUネットのオUクションでかった,18,3
345,近くのホームレスの男性,月格のホUムレスの男性,11,3
346,また飲み会してくださいね,またの味開してくださいね,12,3
347,早う家帰って風呂入って,は用いえかえってフォロはいって,11,11
348,でも浩のおかげで助かった,でも広しのおかげでたますった,12,5
349,今度は朝まで付き合ってよ,今度は回まで月あってよ,12,4
350,きっと人間と見てないよ,キット人件と見てないよ,11,4
351,大変申し訳ありませんでした,対判も試わけありませんでした,13,6
352,同じ雑誌の読者モデルが,オナジャッシシの続者モデルが,11,8
353,まだ犯人の手掛かりはつかめていない,まだ半人の手がかりは使めていない,17,4
354,少し離れて歩きますから,少しはなれてある高すから,11,5
355,今日はありがとうございました,公はありがとうございました,14,2
356,ぜひまた次回も呼んでください,ぜひまた時会もよんでください,14,3
357,ただこういったケースの場合,ただこういったケUスの場合,13,1
358,ゆっくり落ち着いてからの方が,スクリリチッついてからの方が,14,7
359,ブランドの新作発表会の帰り道,ブランドの新作発表会の変え切み,14,4
360,あまりしゃべりたがらない,アマリシェベリタがらない,12,8
361,話をしたくない人もいるの,話をしたくない人もいるの,12,0
362,被害者は深く傷ついてる,被害者は不加きずついている,11,5
363,わたし樋口さんに嫌われたみたいです,私日口さんに変われた見たいです,17,6
364,読者モデルとはいっても,独社モデルとはいっても,11,2
365,直接入っていたそうです,調設はいっていたそうです,11,4
366,覚せい剤で逮捕歴もある,各製材で対はキキもある,11,8
367,定時だから帰っていいわ,定時だから決っていいわ,11,1
368,刑務所から出したはがきや封筒には,経務しからだしたはがきや不当当には,16,6
369,事件の概要が見えてきました,時件の外用が見えてきました,13,3
370,これ樋口さんからもらったんだ,これ日口産からもらったんだ,14,3
371,もっと色々もらってこよう,もっとおいいろもらってこよう,12,4
372,たぶんどこかで手足を縛られ,たぐんどこかでてきしをを振られ,13,6
373,これは傷つけても構わないという,これはきずつけてもかまわないという,15,4
374,ナイフを押し付けられていた,ナイフをおしつけかれていた,13,3
375,平手で殴られてるから傷も浅い,新手でなくられてるから聞いもさい,14,6
376,三上とは同じ中学の先輩後輩で,見わみとはオナジ中額の先配行はで,14,10
377,三上の働いてるバーに呼びつけられて,見わみのはタタイテルバUによび付けられて,17,12
378,少し話が聞きたいんですが,少しなしがきききたいんですが,12,4
379,まあちょっとそこでお茶でも飲みながら,ままちょっとそこで今でものみじがから,18,6
380,コップに付いた唾液から,コップについただけきから,11,4
381,変なことしゃべってんだったら,ヘンなこと発定点だったら,14,8
382,犯人とみて間違いないな,半人と見てまち違いないな,11,4
383,プリンターで出力した文字です,プリンタUで出力したも実です,14,3
384,プリンターのメーカーが同じだと,プリンタUのメUカUが同じだと,15,3
385,字体では区別がつかない,自体ではク別がつかない,11,2
386,ゆかりさんの家族構成から出身地,ゆかりさんのカクク構成化からシュシンチ,15,9
387,病院で会話したこと全部書いてあるんだ,病院で会わしたこと全部やいてあるんだ,18,2
388,同じ銀行に口座作っちゃおう,オナジジェンごいを高幕付っちゃう,13,13
389,犯人の声とにおいを確認してもらう,半人のこえとにおいを確認してもなく,16,5
390,襲われたらどないするつもりじゃ,そわわれたらど内するもよりじゃ,15,6
391,だったら樋口さんに頼むわ,ダッタラヒグチャンにたのむわ,12,11
392,女の敵は許したくないんです,音なの適はるしたくないんです,13,4
393,金田は毎日決まった時間に,かけだは毎日期まった時間に,12,4
394,警視庁の片桐と申しますが,経始長の私りともうしますが,12,7
395,だから全員やってやろうと思って,だから全員やってやろうと思って,15,0
396,家宅捜索の令状も取りました,高く総作の来以上も取りました,13,7
397,必ず証拠は出てくるはずです,かならく商こはでてくるはずです,13,7
398,あなたはモデル仲間の佐藤さん,あなたはモデルなかまのサイクさん,14,6
399,そこでバーで知り合った三上に,そこでバUでしりあったさん感分に,14,7
400,一方的にあなたに愛情を向けていた,一方的にあなたに以上を向けていた,16,2
401,後ろから危険が訪れるとは,おろろから経験が一れるとは,12,5
402,あなたはため息をついた,あなたは見声気をついた,11,3
403,相手が目の前にいるうちは,いいてが目の前にいる方は,12,5
404,なかなか証拠が挙がらなかった,なかなか賞こががからなかった,14,4
405,金田を監視するためにね,かけだを関しするためにね,11,5
406,何にも見つからなかった,何にも見つからなかった,11,0
407,いくら大事な仕事のためとはいえ,いくら大じな仕事のためとはいえ,15,1
408,いずれにせよ家宅捜索すれば,いずれにせよかく無装作すれば,13,5
409,ほかにも証拠は出てくるはず,ほかにも紹果はでてくるはず,13,3
410,全部罪かぶってくれたのに,全部大加ぶってくれたのに,12,2
411,復活できるとこだったのにな,復活できるとこだったのにな,13,0
412,やっぱり直感は正しかったわ,やっぱりチャチャンはただしかったわ,13,7
413,あんなの持たないでしょ,男のもたないでしょ,11,4
414,卑劣な犯罪者の敵がわたしなの,引れつな反在者の的が私なの,14,9
415,警視庁に来てもらうから,経始長にきてもらくから,11,5
416,マスコミいっぱい来るんでしょ,ますも見いパイクルルでしょ,14,10
417,君にあれはね昆虫を見る目だよ,聞みにあれはネコンチェグを見るめだよ,14,9
418,ある意味カッコ良かったですよ,ある意明ここよかったですよ,14,5
419,同情するなら毛根をくれ,同上するならもう込んを力,11,7
420,何か感づかれるんじゃないかって,何かかんだかれるんじゃないかって,15,3
421,樋口ゆかりを狙ってること,日当やかりを狙ってること,12,3
422,自分の考えを全部は言わない,自分の考えを全演はいわない,13,2
423,本当は真実にあげたかったんだよ,本当は新実に上げたかったんだよ,15,2
424,やっぱりちゃんと考えてるんだあなたも,やっぱりチャント考えてるんだなたも,18,5
425,アピールする狙いもある,イピUルするならいもある,11,4
426,あなたの後ろには私達がいる,あなたの詳ろには私した違いる,13,4
427,みんなに防犯というものを,ミンなに防半というものを,12,3
428,知ってもらうためにやって来ました,しってもらくためにやってきました,16,3
429,絶対にドアを開けてはいけません,絶体にどうをあけてはいけません,15,4
430,不測の事態の対処法です,不作の時体の対象方です,11,5
431,やっぱりあたし無理です,アッパリアタシュクリです,11,10
432,仕事に対する姿勢の問題,仕事に対する市生の問題,11,2
433,家で好きなだけ寝ていなさい,いえで好きなだけてていなさい,13,3
434,木元さんが大変なんですよ,開とさんが対判なんですよ,12,4
435,こちらから連絡するまで,こちらから連絡するまで,11,0
436,誠に申し訳ありませんが,まことにもうしわけありませんが,11,7
437,電話をお受けすることができません,電話を行けすることができません,16,2
438,いやになったんでしょう,いやになったんでしょう,11,0
439,社会人としてあるまじき行為,社回人としてあるまじいこうい,13,5
440,プロの自覚がない人間は,プロの時格がない人減は,11,3
441,とにかく真美りんだけは絶対ダメ,とにかくマミリンだけは全体だめ,15,8
442,部下の人生をもてあそぶ,ブカの人性を持てあばぶ,11,5
443,現在ガイシャの身元の割り出し中です,現在外社のみもとのわり出し注です,17,9
444,ただのチンピラ同士の喧嘩だ,ただのチンピラどうしの検果だ,13,5
445,使われた拳銃はフィリピンルートで,使われた検演はフリピンルUトで,16,4
446,事件ではないと思いますが,時件ではないと思いますが,12,1
447,それはこちらが決めますので,それはこちらが決めますので,13,0
448,これシュークリーム持ってきました,これシUクリUムもってきました,16,4
449,そんなに時間はかからないと思うわ,そんな人間はかからないと思うわ,16,2
450,そういえば木元のやつって,そうええばきもとのやつって,12,4
451,土佐犬より気が強いです,とサインより期が使いです,11,6
452,あの子も相変わらずだな,あのこもい合わわらずだな,11,4
453,少量の塩素酸イオンが含まれていた,商量の円そさんオインが含まれていた,16,6
454,昨日から連絡つかなくってさ,機能から連絡使なくってさ,13,4
455,自宅に電話させてもらいました,自宅に電話させてもらいました,14,0
456,錦糸町のパブで働いてるんだけど,金島ちのパブではタイテルルだけど,15,9
457,このままだと電気も止められる,このままだと電気もとめられる,14,1
458,ただいま留守にしております,ただいマルスにしております,13,3
459,今回も身元の分かる物は,今回もみもとのわかるものは,11,6
460,被害者の自転車にぶつかった,被害者の時点者につつかった,13,4
461,同じメッセージを残してる,同じめセUジをのこしてる,12,5
462,こういうメッセージを残したりはしない,こういうてセUジをのこしたりはしない,18,5
463,木につるし上げたと考えられる,期につくし上げたと考えらられる,14,3
464,これらのことから犯人は,これらのことから半人は,11,1
465,激しいスポーツをやっていて,は受しいスポUツをやっていて,13,3
466,社会生活はきちんとこなしていて,社回生活は月人なしていて,15,6
467,まだ犯行は続く可能性が高い,まだは今後は続く可能性が高い,13,3
468,戻ってるんじゃないかと思って,もっってるんじゃないかと思って,14,2
469,ああいうのに入ったりして,あいうのにはいったりして,12,3
470,派手にはしゃいでいました,はでには最でいました,12,5
471,貼っていったものがありますけど,はっていったものがありますけど,15,1
472,免許証はホームレスから名義を買った,メンシ晶はホUムレスカカメジェジをかった,17,12
473,殴る蹴るで殺したちゅう事件や,なぐるけけでころしたチュム時件や,14,10
474,当時話題になった事件です,当時話いになった時件です,12,2
475,何人かでやったんだよな,なん人かでアタタンだよな,11,6
476,それからリンチ殺人で殺された,それからリンチ末人でころされた,14,3
477,見張り役だった男がいるんです,みは理約だった大こがいるんです,14,6
478,ゲームセンターで遊んでいた,ゲUムセンタUでアソンでいた,13,5
479,センター裏に連れ出し数発殴った,センタUララにつれだし数はつなうった,15,9
480,廃墟で両手足を縛ったうえで監禁,配供で予定しを使えたえで完金,15,10
481,一部をインターネットで流した,一部をインタUネットでながした,14,3
482,その後江川さんは全身打撲による,その上げ側さんは全心だろくによる,15,7
483,自殺に見せかけようとしたが,実作に見せかけようとしたが,13,2
484,このときの警察の対応に,この人の計作の対応に,11,4
485,不自然なタイヤ痕を見つけた,フィシンンないいやコンを見つけた,13,10
486,何もせずに見殺しにした,何もせずにみごろしにした,11,3
487,新しいメールが来てます,新しいメUルがきてます,11,2
488,海外のサーバーから経由しています,回外のサUバUから計入しています,16,5
489,今科捜研がしらべてるだけど,コココ総件が知らべてるだけど,13,6
490,拉致されているのは警視庁の刑事です,彼されているのは携市長の計じです,17,7
491,こっちに回すようにした,こっちにまわすようにした,11,2
492,あの防犯キャンペーンのやつ,あの防半キャンペUンの作,13,4
493,国民の税金使ってあんな遊びして,国民の平均つかってアンなおよびして,15,8
494,お前らが許せないんだよね,お回からがくるねないんだよね,12,5
495,映像見ればわかるでしょ,映像見ればわわるでしょ,11,1
496,指揮権は大沢にしましょう,市期県は大加にしましょう,12,4
497,きわめて危険なマル被です,気わめてきけんなまる日です,12,7
498,病院跡から連れ出されて,病院あとからつれだされて,11,4
499,インターネットの書き込みチェックと,インタUネットのかき込みチェックト,17,3
500,特別犯罪対策の岩井だけど,特別販在対策の意合いだけど,12,5
501,調べてほしいことがあるんや,食べてほしいことがあるんや,13,1
502,逃げられそうで逃げられない,にげられそうでにげられない,13,2
503,絶望で木元の気力が萎える事,出業できもとの機力があえること,13,9
504,犯人もそれを狙っている,半人もそれを狙っている,11,1
505,付けてって言ったんだから早く付けてよ,つけてっていったんだからは約決けてよ,18,5
506,交換条件を持ち出し攻めに転じる,公感状件を持ちょう手目に点じる,15,8
507,だったらいくらなら用意出来る,ダッタライクラなら用意できる,14,9
508,ストレスレベルも相当高い,ストレスレベルも装当た高い,12,2
509,不自然なノイズがずーっと入ってる,フィシンンなのいずがユUタとはいっている,16,14
510,学校でも問題児だったようです,学校でも問題時だったようです,14,1
511,証言を何人もしています,初現を何人もしています,11,2
512,通話の記録ぐらい残っとるやろ,通和の広くグライのコットルやろ,14,11
513,警視庁の野立が頼んでるって,経始長ののだち違人でるとって,13,9
514,みなさんで分けてください,みなさんでわけてください,12,1
515,自己資金もふんだんに使ってる,事故式本ファンダンに使ってる,14,9
516,木元を水槽に入れたのも,記持とを水用に入れたのも,11,4
517,警察をからかって楽しんでる,携載をからかってたのシンデル,13,8
518,高倉山じゃないかという,高くラママジないかという,11,5
519,一度は溺死までさせられかけてる,一度はできしまでさせられかけてる,15,3
520,ボスが来ないと面白くないじゃん,ボスがこないと思しろくないじん,15,5
521,まあ確かにそんな感じだな,ママタしかにそんな感じだな,12,4
522,どこにでも丸腰で行くわ,どこにでもまる後社でいくわ,11,5
523,みんな付いてるそれ忘れないで,みんなついてるそれ忘れないで,14,1
524,ストレスレベルが上がった,ストレスレベルが上がった,12,0
525,これが当時の通報の録音テープや,これが登事の通報のロロインテUプライ,15,9
526,普通のことに興味がなくて,フィツのことに強みがなくて,12,5
527,でも大人になったら個性ですよ,でもおと何なったら今生ですよ,14,5
528,科捜研総動員で解析してもらって,仮想検想同員で開成してもらって,15,7
529,仲間なんて全然当てにならないだろう,なかまなんて全全あってにならないだろう,17,6
530,そんなことやっておもしろいのかよ,そんなことやって思しろいのかよ,16,2
531,友達がリンチされているんです,ともだちがリンチされているんです,14,4
532,俺は色々調べて勉強して,おれはいろろ白べてベンキ強して,11,9
533,少年院から出てきやがった,商年員からでてきややがった,12,4
534,毎年祝ってやがったんだ,まいとしいわってあばがったんだ,11,8
535,小学校の同級生田島しんごです,詳学校の動給制的ました人です,14,8
536,彼も久保からいじめを受けています,彼も防から時目を受けています,16,5
537,木元さんガールスカウトにいたから,回とサンガUルスカウトにいたから,16,5
538,あいつ諦めてなかったんや,いいつ会かめてなかったんや,12,3
539,何も出来ないまま目の前で,なにもできないままめの前で,12,5
540,仲間が死んでいく辛さを味わってくれ,中かが新でいくつらさを見わわってくれ,17,8
541,卑怯なのはあなたじゃない,日用なのはあなたじゃない,12,2
542,それは今でも変わらない,それはいまでもかわらない,11,3
543,俺はな強くなったんだよ,おれは夏よくなったんだよ,11,4
544,これはフロイトの言う反復脅迫,これはフロイトのイインハプクク標は,14,9
545,公開された上で殺されている,公開された上でころされている,13,2
546,江川君と同じ雪辱を味わってくれ,上側と同じ店術を見わわってくれ,15,7
547,時限装置を押す時ためらったじゃん,時限総地をようときためらったじゃん,16,6
548,今の私はあなたとは違う,今の私はあなたとは違う,11,0
549,あいつらと同じことしてどうする,いいつらと同じ込としてどうする,15,2
550,あんたも病院に行かなきゃ,アンタモビイインにいうなから,12,12
551,あの劇の帰り道いきなり,あの期のかえり見ちいきなり,11,5
552,部下が犯罪に巻き込まれても,ブカが反在にまき込まれても,13,5
553,警察官の拉致監禁の容疑で,携末間のラチャンキンのよう上で,12,12
554,せっかく僕のクビも免れたんだし,セッククククのクビもマンかれたんだし,15,9
555,今朝は朝までいたのにねー,結査はままでいたのにネU,12,5
556,さっき整理したら出てきた,サッキ製りしたらでてきた,12,6
557,終いにはあいつが平助さんが,おわりいにはいつつが平由さんがが,13,7
558,それとも平助さんがあいつなのか,それとも平由さんがあいつなのか,15,1
559,何とぞ穏便にと言ってきてる,なにと同員にといってきててる,13,7
560,とどめの一撃を受けるまで,とど目の一撃を受けるまで,12,1
561,鉄あるいはスチル製のものだとしか,てつあるいはスチル製のものだとしか,16,2
562,指紋は全てふき取られていた,しもんはすべて不当とられていた,13,8
563,手を付けられた形跡がないため,手をつけられた形績がないため,14,2
564,プラス相当頭の切れる人物,プラス様当型の離れる人術,12,4
565,木元とわたしはまず現場に,気もとと私はまず限番に,12,7
566,犯行があったと思われる,判行があったと思われる,11,1
567,マスコミには見えないから警察,ますごみには見えないから計施,14,6
568,ていうか君たちの話聞かせてくれよ,ていうかわみたちの話きかせてくれよよ,16,4
569,みんな体面ばっか気にしてる感じですね,ミンナタイン版かきにしてる感じですね,18,8
570,あの子たちちゃんと話さないでしょ,あの高ちちゃんと話さないでしょ,16,2
571,わたしに向いてくれないと困るの,私に見いてくれないとこまるの,15,6
572,塾関係者も見ていません,上関係者も見ていません,11,1
573,出ていった人物もまだ分からん,で定った人物もまだわからん,14,4
574,でもたぶん彼女は乗ってくる,でもタブ版の事はのってくる,13,6
575,温情と理解をもって当たり,音場とり回を持ってあたり,12,6
576,その心情を傷つけないように,その新情を入つけないように,13,2
577,定規とコンパスで描ける,上議とコンパスでえがける,11,4
578,なんかすごく盛り上がってる,なんかすごくより上がってる,13,1
579,距離があると盛り上がるけど,詳りがあるともリアアがるけど,13,6
580,でも殺害そのものは否定してます,でも作がおそのものは提定してます,15,4
581,売られてるのが分かりました,割れてるのがわかりました,13,3
582,わたしも持ってるよこれ,私も持ってるよこれ,11,3
583,証拠隠滅を図ろうとする犯人は,紹介店ををかろうとする半人は,14,6
584,ものを考えることができる,ものを考えることができる,12,0
585,それで腹を立てたってわけか,それではらをててたってわけか,13,3
586,やってもらえないかなと思って,やってもらえないかなと思って,14,0
587,緊張状態を見ようとした,金長上体を見用とした,11,6
588,あなたたちの狙いは最初から,あなたちちの狙いは最初から,13,1
589,じいちゃんたちがやってるから,時時間たちがやってるから,14,5
590,またわたしが疑われてる,また私が当がわれてる,11,4
591,今日は色と面白い話があるの,公はいろと思しろい話があるの,13,7
592,常温のミネラルウオタを飲むとは,上音の見わらくう方を物とは,15,11
593,そうやって温めるだけで,そうやってあたためるだけで,11,3
594,あおむけをうつぶせってするだけでも,あう向けをつぶぶってするだけでも,17,4
595,わたし先生を殺しちゃった,私戦生をころしちゃった,12,6
596,ところが思いも寄らずなのか,ところが思いもよらずなのか,13,1
597,あなたは最初乾いた血痕の上から,あなたは最子かわいたけ結婚の行から,15,7
598,さらにその上にまたすぐに,さらにその映にまたスグに,12,3
599,皮肉にも漂白剤をまいたことで,日にくにも表は印象もまいたことで,14,8
600,増岡先生のとこが割られてた,ますかか先性のとこがわられてた,13,6
601,何でかなってずっと考えてた,なんでかなってずっと考えててた,13,3
602,増岡先生が付き合ってたのは,ますか選性が月あってたのは,13,8
603,なのにどうして冷静じゃないんだろううって,なのに同してきき製じゃないんだろうってい,20,7
604,気に入ったら後で購入するってやつ,気にいったらの地で購入するって作,16,5
605,由貴を遊んでやったとか,有気をあそんでやったとか,11,4
606,だから思わずそれだけ捨ててしまった,だから思わりそれだけててしまった,17,2
607,さっきから言ってるよね,さっきからいってるよね,11,1
608,二宮先生が行っていたという,にの味や戦性がここっていたという,13,8
609,だったら二宮先生じゃん,だったらののワイセン製じん,11,8
610,そういうのが確たる証拠っていうの,そういうのがカクタル少こっていうの,16,6
611,対策室もよくやったじゃん,対策市もよくやったじん,12,2
612,出てきたの二宮先生のロッカじゃないよ,でてきたののにみや先性のロッカ間ないよ,18,8
613,わたし物覚え悪いから間違ってて,私ものおぼえわるいからまちがってて,15,10
614,間違えてあなたに伝えちゃった,まちがえてあなたにつっただった,14,7
615,先生みたいに奇麗になりたいなと思って,先性見たいにきれいになりたいなと思って,18,5
616,奇麗になれるかなと思って,きれいになれるかなと思って,12,3
617,じゃああのポリグラフも,外あのポリグラフも,11,3
618,ほかにも遊んだ女のことも,ほかにもあそんだんなのことも,12,4
619,今度刑務所から出てくるときは,コンド形務所からでてくるときは,14,5
620,でもお前に来た話だから,でもお前にきた話しだから,11,2
621,マスコミ向けの広告塔じゃありませんから,マスコミ向けの公告当があありませんから,19,4
622,お前だってきちんとメークしてけば,今前だって近んとメUクしてけば,16,4
623,リラックスして楽しんでいってください,リラックスしてたの新でいってください,18,3
624,それではよろしくお願いします,それではよろしくお願いします,14,0
625,さらには女性初の室長と,さらには女性はの質長と,11,2
626,俺こういうの苦手なんだけどね,あれこういうのにがてなんだけどねね,14,6
627,きちんとできていますので,月人できていますので,12,4
628,買ったばかりの育毛剤なんですけど,かったばかりのいうもイウザイナンですけど,16,10
629,今日はあの怖い女がいない,公はなこわいいんながいない,12,8
630,事件解決へとつながってるんですね,時件会的へとつながってるんですね,16,3
631,プライベートは普通の女ですから,プライベUトはフィツのオンなですから,15,7
632,似たようなもんなんですね,に対応なもんなんですね,12,4
633,この仕事ではよくあることなんです,この仕事ではよくあることなんです,16,0
634,最近の社員はすぐびびっちゃって,最近の社員はスクビビッチェッテ,15,9
635,おそらく大量のアルコールで,おソラク対料があるコUルで,13,9
636,極秘写真をすっぱ抜いてきた,国日写真を作っぱいいてきた,13,4
637,取り組む姿勢に変わりはない,トリクムシェイにかわりはない,13,8
638,イケメンもおるのかしら,エケメンもうるのかしら,11,2
639,まったく不自然な点がない,まった福事前な点がない,12,4
640,本当に脱がなくていいから,本当にグがなくていいから,12,1
641,ここでお酒を飲んでいても,ここで今下をの電定ても,12,6
642,ましてアルコールに酔って,ましてあるコUルによって,12,4
643,そのまさかを追及するのが,そのまさかをつい級するのが,12,3
644,何かおったような気がするけどな,なにかったような気がするけどな,15,3
645,プライベート中の追い掛けるの,プライベUト中のおいかけるの,14,3
646,事件に関しての続報です,時件に関しての続報です,11,1
647,できるわけないじゃない,できるわけないじゃない,11,0
648,テレビはついてたみたいですけど,テレビはついてたみたいですけど,15,0
649,それからは食いつなぐために,それからはいいつなくために,13,2
650,こんなのいちいち気にしてたら,こんなの一一期にしてたら,14,5
651,カメラマンとして活動していた,カメラママンとして活動していた,14,1
652,病気にかかり仕事を休んでいたか,病気にかかり仕事を参ざんでいたか,15,2
653,あの事故死を調べてるんですよね,あの事故市を食べててるんですよね,15,3
654,事故死で片付けられたものを,事故しでかたづけられたものを,13,4
655,でも再捜査してよかったですよ,でも最想さしてよかったですよ,14,3
656,つまり実際の事件現場に,つまり実際の時件限場に,11,2
657,何かあったらすぐ連絡下さい,なにかったらすぐ連絡ください,13,5
658,ぱっと見ていい女って思われないと,パット見ていいんなっても思われないと,16,6
659,これあなたの読みどおり,これあなたのソミオオリ,11,5
660,爪の先は面が滑らかなの,つめの先は面がなめかかなの,11,5
661,こういうささくれは何かに触っていると,こういうささくれは何かにさわっていると,18,2
662,第三者の手によって切られた,大阪者の手によってきられた,13,3
663,この男ひと月ほど前から,この男年と月ほど前から,11,1
664,ただ職業上の接点はない,ただ職業場のセッテンはない,11,5
665,ストーカー殺人の現場にいたディレクター,ストUカU末人の減ばにいたいれクタU,19,9
666,ここに来るまでに迷っちゃった,ここにくるまでにまっょっちった,14,5
667,わたしは自分の目で見て,私は自分の目で見て,11,3
668,自分の目で見て確かめたいの,自分の目で見てたしかめたいの,13,2
669,たまたま近くで取材してたから,たまた高くで出在してたから,14,4
670,そろそろ時間だからまた,そろそろ時間だからまた,11,0
671,こちらこそごめんなさい,こちらこそご面なさい,11,2
672,スクープ映像を解析したものよ,スクUプ映像を開成したものよ,14,3
673,運航していた船のエンジン音,前国していたフラのエンジンオン,13,6
674,刃物のようなもので首を刺され,はもののようなものできくををされ,14,6
675,安田に弱みを握られていて,ヤヤダによわみをに分られていて,12,7
676,高峰仁美がお送りしました,高み人じみが多くりしました,12,6
677,死因は現在分かっておりません,市員は現在会かっておりません,14,3
678,とんでもない不祥事だぞ,とんでもないフィシ象だだ,11,5
679,君に責任取ってもらわないとな,聞みに先任とってもらわないとなう,14,5
680,亡くなった男性東郷英憲さんは,なくなった前生当語方での理さんは,14,9
681,発見後すぐに助けに入ったかのように,発険を住にたるにはいったかのように,17,8
682,映像を一部切り取り編集しました,映像を追いクリリリリ編集しました,15,7
683,しかし捏造スクープの映像を,しかしヒククスクUプの映像を,13,4
684,カプセルを服用して死んだ,カプセルを含用してシンだ,12,3
685,高峰にカプセル飲ますのは無理やな,高みにはくセスルのますのはクリやな,16,7
686,たった今からこのヤマは,たったいまからこのやまは,11,4
687,上の結論が出るまでお前たちは,上の結論がでるまで明えたちは,14,3
688,ここでおとなしく待ってろ,ここでおとししくまってロ,12,3
689,俺だってつらいんだからさ,おれだって通因だからさ,12,6
690,取り調べ中に人が死んでるんだろう,トリシラベッグに人が新でるんだろう,16,9
691,捜査に決まってるじゃない,そうさにきまってるじゃない,12,4
692,捜査担当から外されたんですってね,そう新当とからはずされたんですってね,16,6
693,大変な問題を起こしたんだから,一然な問題をおこしたんだから,14,3
694,こんなもんもらっちゃってねぇ,こんなも問りだちってね,14,6
695,捜査を続行させてほしいってさ,そうさを億高させてほしいってさら,14,6
696,大沢絵里子は首だけどな,おおさわえりこはキビだけどな,11,9
697,アリバイの裏取ってきました,あり倍の裏とってきました,13,5
698,そこから分かった新事実が幾つか,そこからわかった新事実がいくつか,15,3
699,まず東郷の体内から出てきた,まず東場の対内いからでてきた,13,4
700,生放送前で忙しいんだけど,な今小想前でおそごしいんだけど,12,7
701,あなたに一番最初に伝えようと思って,あなたに一番最初につたえようと思って,17,2
702,その日あなたが東郷に青酸カリを,その日あなたが登場に製産からを,15,6
703,この成分はニトロセルロース樹脂,この製分はにトロセルロUス組し,15,5
704,まず青酸カリ入りのカプセルを,まず製産かり入りのカップセルを,14,5
705,マニキュアのクリアコートでコーティングする,まに役のリリアコUトでコUティングする,21,8
706,これで溶けだす時間を調整できる,これでとけだ水間を調成できる,15,4
707,これを服用すると塩酸ロペラミドで,これを含用するとエンヤンレポラントで,16,9
708,毒入りカプセルが溶けだし,ドキリリカプセルがとけだし,12,5
709,カプセル剤を飲まなければいけないことを,カプセルアンをのまなければいけないことを,19,3
710,体内に残った成分を計算すると,対内にのこった製分を掲載すると,14,6
711,東郷がカプセルを服用したのは,登場がカプセルを含用したのは,14,3
712,それから安田のお風呂場で,それからやまだのオフロ上で,12,7
713,優秀なジャーナリストだった,有集なじゃんなりストだった,13,7
714,わたしが大きくならないといけない,私が大きくならないといけない,16,3
715,たとえどんなに小さな声でも,たとえどんな日いさなこけでも,13,4
716,生放送中に自白するなんて,中方総中に日はくするなんて,12,6
717,最近残業するようになったらしいね,最近全業するようになったらしいね,16,1
718,そういえば昨日の野立会にも来なかった,そうええば機能ののだち回にもこなかった,18,8
719,イケメンが集う異業種交流会だ,エケメンがつうう以上業構機約高だ,14,9
720,片桐が来ないと戦力にならん,私理がこないと選力にならん,13,4
721,まあそんなかりかりするな,あまそんなかりかりするな,12,2
722,また野立会に来なくなる,またのだち回にこなくなる,11,5
723,ヤマムーにウィッグかぶせて,ヤマムUニニェグカブセセ,13,9
724,殺人を起こしてるヒットマンや,月人をおこしてる日と万安,14,8
725,今回対立する組織の幹部を,今回体率する様式の万を,12,6
726,それに送られてきたこの人形,それにおくられてきたこの人業,13,3
727,小野田班と協力して捜査をする,同は万と強力してそうさをする,14,8
728,所持してることには変わりはない,初事してることにはかわりはない,15,3
729,最近ライフル弾を購入した人は,最近ライフルダンを公入した人は,14,3
730,まだ仕事中なんだけどね,まだ仕事長なんだけどね,11,1
731,彼女は飛びっ切りの美人だから,かの事はトビッキリのビジンだから,14,11
732,銃弾から使われたライフルは,中前から使われたライフルは,13,2
733,おそらく狩猟用のレミントンを,おソクク種用よのレミントを,14,7
734,スケジュール見ておくから,スケジュUル見てくくから,12,2
735,この人何も分かってない,この人何ももわかってない,11,2
736,この人形はおそらくこれから,この人業はおそらくこれから,13,1
737,これは部長クラスしか見れないんだけど,これは部長くらしかわれないんだけど,18,4
738,呼び出すなよこんな所に,よびだすなおこんなところに,11,6
739,警視庁幹部が仲悪かったんだ,経始長幹部がなかわるかったんだ,13,7
740,独自に捜査を進めていたんだ,独時にそうさを進めていたんだ,13,4
741,通常の捜査ならあり得ない,通場の総さならありえない,12,4
742,谷本が同じ格好をさせて,たにもとがオナジカックををさせて,11,11
743,警察の動向見るためにな,携末の同構みるためにな,11,5
744,救急車で運ばれたが間もなく,給給者ではこばれたがまもなく,13,6
745,仲間を殺すのはやめるよ,中まをころすのはやめるよ,11,4
746,あそこで発砲するのはやむを得ない処置,そここで発表するのはやむをえないちち,18,6
747,ずっと背負っていくしかない,続っておっていくしかない,13,4
748,例の刑事さんが撃たれたっていうの,例の経事産がいたれたっていうの,16,4
749,警備しなくちゃいけなくて,経びしなくちゃいけなくて,12,2
750,ターゲットはその誤射事件に関連した,タUゲットはそのやまい時件に関連した,17,5
751,これでまた誰かが殺される,これでまただれかがころされる,12,4
752,関係してる可能性も含め,関係してる可能性も含め,11,0
753,この仕事自体忘れとんちゃうかな,この仕事時体われるトチャムかな,15,7
754,誤って撃たれた武藤さんが,あやまっていたらたむ登算が,12,9
755,それに当時女性刑事ばかりを集めて,それに当時女性計議上かりを追めて,16,4
756,ライバルの野立が注目されていた,ライバルののだちが注目されていた,15,3
757,組織犯罪を統括する長として,そしき販在を搭末する方として,13,8
758,スタンドを分割して警備を行う,スタンドを分活して経備を行う,14,2
759,本当の黒幕はこいつなのよ,本当のクロマクは大いなのよよ,12,7
760,大げさに吹っ飛びやがってお前,以上さにフィットビアがってお込ん,14,10
761,別にいいじゃないっすか,別にいいじゃゃないすか,11,2
762,もう泣いていい見ないから,もうないていいみないから,12,2
763,俺たち最強ツートップだ,例った最京ツUトップだ,11,5
764,相談する女なんかいません,そうダンスドンなん間回ません,12,9
765,どうせまたマスコミ向けに押し付けられた,同セマタママコミ向けにおしつけかれた,19,9
766,僕がまだ交番勤務時代に,僕がまだ校番キンム時代に,11,4
767,小野田班はすでに動いている,おのだはハスでにうういている,13,8
768,君たちも至急捜査に当たってくれ,聞みたちも資契想さにあたってくれ,15,7
769,前のあれも恋ちゃうちゅうねん,前のあれも大一あく中年,14,9
770,デートなんて行かせないよ,デUトなんていかせないよ,12,2
771,木元と花形はわたしと現場に,回ととと話たは私と限分に,13,10
772,片桐は科捜研と連携して,かたぎりはかそう検と連携して,11,8
773,高いことが分かりました,高いことがわかりました,11,1
774,こう斜めになっていたり,こうななめになっていたり,11,2
775,複数いることを指してる,ククスイイルことをさしてる,11,7
776,傷害と窃盗の前科のある男や,詳合いとセットの前間がある方から,13,11
777,見慣れてるみたいですね,ミナレテルミタイですね,11,8
778,内藤は孤立してたみたいや,内当はこりつしてたみたいや,12,4
779,もう一度ガイ者周りをあたって,もう一度が回まわりを明って,14,6
780,小野田班からの報告がありました,おのだ半からの方国がありました,15,6
781,会ってなく絶縁状態にあるそうです,あってなくチュイン上体にあるそうです,16,7
782,子供を置いて逃げるなんて,ここもをおいてにげるなんて,12,5
783,警察の方とのコミュニケーションは,警察の方とのコミュニケUションは,16,1
784,開設してらっしゃいますが,回説してらしまいますが,12,4
785,個別に相談がある場合は,こ別に総談がある場合は,11,2
786,追い込んでしまうことが多いんです,いい今でしまうことが多いんです,16,3
787,いつか父親に認められたい,いつかちちおやに認められたい,12,4
788,愛されたいと願っていました,いいされたいと願えていました,13,3
789,先客がいたみたいだから,選客がいた見いだだから,11,4
790,一歩も外には出なかったと言っていました,一地も今にはでなかったといっていました,19,4
791,現場の土が車内から出るはずだから,現場のどが社内からでるはだから,16,4
792,ということは証言は本当か,ということは商限は本当か,12,2
793,とにかくお前はおとなしくしてろ,とにかく今前はおとしくして取ろ,15,3
794,ジョギング中の女性が発見しています,午ジング中の女性が発決しています,17,4
795,ナイフでのど元を一撃された後に,ないフェでのモモトを一撃されたの年に,15,8
796,むちゃくちゃな殺し方だが,ムチェッチナなころしただが,12,9
797,後始末だけはしっかりしている,お年末だけはしっかりしている,14,2
798,マスコミにたたかれるんだ,ますこみにたたかれるんだ,12,4
799,マスコミ対応の方もばっちりやって,マスコミ対応の方もバッチリやって,16,4
800,じゃそのサイト閲覧者が,名そのサイト付覧者が,11,3
801,そのメールを見られる全ての人間が,そのメUルを見られるすべての人限が,16,4
802,年齢も虐待方法も親父そっくりだ,年齢も逆体方法も多いじもコックだ,15,9
803,警視庁の大沢絵里子です,経始長のおおさわえりこです,11,10
804,それで一応先生の事件当日の,それで一藤戦性の時件当実の,13,5
805,その時間はわたし寝ていましたから,その時間は私ねていましたから,16,4
806,この現場から宮川さんの自宅は,この現場から右側さんの事宅は,14,3
807,宮川さんは鋭利な刃物で,みや側さんはエイリなはもので,11,9
808,現場に残された靴跡ですが,現場にのこされたくつあとですが,12,6
809,そんなことあるわけないですよ,そんなことあるわけないですよ,14,0
810,その時間は教授室にいました,その時間は表務質にいました,13,3
811,共有パソコンにカメラ付いてるから,教有パソコンにかめらついてるから,16,5
812,前後の日も含めて終日全部,前後の日も含めて収実円,12,4
813,ただ捜査を混乱させるだけだから,ただそばをコンランさせるだけだから,15,6
814,だったら最後に一緒にやろうよ,だったら最後にいっょうにやらうよよ,14,6
815,父親にひどい虐待を受けていた,ちちおやに一い約体を受けていた,14,8
816,狭い押し入れの中に閉じ込められた,世様しいれの何に人込められた,16,7
817,そんな毎日が何年も続いた,そんな毎日が何年も続いた,12,0
818,立ち直ることができなかった啓介さんは,たちなあうことができなかった経えせんさんは,18,8
819,それを発見したあなたは,それを発険したあなたは,11,1
820,押し入れに閉じ込められて,おしいれにと時目められて,12,5
821,直接的な表現がいいかも,調設的な評限がいいかも,11,4
822,気付かないでいたなんて,きくかないでいたなんて,11,2
823,教授室に入ったときには,共務質にはいったときには,11,5
824,利き手が変わることはまれではないの,ききて手かわることはまれではないの,17,4
825,これは自分に起こってることではないと,これは自分におこっていることではないと,18,2
826,思い込んでしまったのね,思い込んでしまったのね,11,0
827,たくさん救ってきたのは事実です,たくさんすっってきたのは時実です,15,3
828,啓介さんの人格ではなく,経えくさんの人格ではなく,11,3
829,何か切なくなっちゃったな,なにか食なくなっちゃったな,12,3
830,ちょっと大事なこと言いに来た,ちょっと大じなこといいにきた,14,3
831,女性への関心は極めて強いが,女性への関信は変わめて使いが,13,4
832,お前ら今消しゴム盗んだろうう,今間らいかけしご考むんだろう,14,9
833,だからお母さん駄目ですって,だからお回さんだめですって,13,3
834,講習やってるんですから,公集やってるんですから,11,2
835,対策室の面々は人が足りない,対策室の面面は人がたりない,13,2
836,何でわたしが小学生相手に,なんで私が商額性アイテテに,12,11
837,俺が謹慎処分ってことで,あれが金新所分ってことで,11,5
838,逆に矛先をかわしたんだよ,逆に今回をかわしたんだよ,12,2
839,手伝ってもらうつもりだったけど,つつだってもらうつもりだったけど,15,3
840,駅前広場に設置された爆弾が,きき前年バニテッチされたバクだんが,13,12
841,まあ取り調べるしかないやろ,ママトリシラベルしかないやろ,13,8
842,岩井と片桐は被疑者の取り調べ,いわいと答げりは日議者の取りら連べ,14,10
843,かみつかれないようにね,カミツかれないようにね,11,3
844,俺の耳に入ってくるはずだぞ,例の見みにはいってくるはずだろ,13,6
845,ごみ箱蹴ったのと今回の事件と,ごみばこけったのと今回の事件と,14,3
846,それを切り出すタイミング,それをキリアスタイミング,12,4
847,こいつは俺の大学の後輩だ,今日はおれの大学の公は大だ,12,8
848,だがまだ確証がつかめない,だがまだ格賞が使めない,12,4
849,あれも汚職の発覚を恐れた,あれも強くのはカククをおそれた,12,8
850,必死なやつらが上層部にいる,日しなやつらが状想分にいる,13,5
851,犯人の意図が分かりません,半人の人がわかりません,12,4
852,取り調べの緩急をだいぶ学んだようね,トリシラベの関給を大部マナンだうようね,17,13
853,関係があるのは彼じゃない,関係があるのはかれめゃない,12,3
854,当然実験に使うものだと思い,東前時件につくものだと思い,13,6
855,本人はそれをかたくなに否定してる,本人はそれを高くなに提定してる,16,3
856,その兄の置き時計を使って,その外の起きど経を使って,12,4
857,リーダーはじめ主要な幹部が,リUダUは見め出要な感分が,13,6
858,本当に刑事だったんだな,本当に経じだったんだな,11,2
859,それを探るために俺と付き合ってたなんて,それを探るためによりとつきあってたたんて,19,5
860,新たな情報があるそうだ,あらたな情報があるそうだ,11,2
861,だんだん多くなってるんですよね,ダダン大行なってるんですよね,15,6
862,講義をしていた教授は無事でした,公疑をしていた方事はビジでした,15,6
863,黒い月との関係は出てきてません,黒いつきとの関係は出てきてません,15,2
864,シャッターの修理に参りました,シャタタUの収理にまいりました,14,5
865,こちらサインの方お願いします,こちらサインのほいお願いします,14,2
866,本当の威力は分からない,本当の売力はわからない,11,2
867,これ当時の直接の指揮官は,これと事事のチェッシュの資期間は,12,11
868,情報のご提供が欠かせません,情報の後提供がかかせません,13,2
869,つきましては捜査にご協力,月ましてはそうさにご強力,12,6
870,感謝状を差し上げたいと思います,感社上をさし合えたいと思います,15,5
871,ぶち当たったかもしれませんよ,ブチアタタカカもしれませんよよ,14,8
872,黒い月のターゲットはそのホールなのよ,クロイ月のタUゲットはそのホUルなのよ,18,5
873,こっちにも爆弾があります,こっちにもバクダンがあります,12,4
874,大学の講義室を狙ったのも,大学の公議質を狙ったのも,12,3
875,全警備をこっちに回してくれ,全計ををちちに話してくれ,13,5
876,目的じゃなかったとしたら,目的時なかったとしたら,12,2
877,大山警視総監になってから,おおや高締そう感になってから,12,8
878,プールしていたと思われる,プUルしていたと思われる,12,1
879,予算運営部は使えなくなった,よさん円映由は使えなくなった,13,6
880,また狙われるかもしれないから,またんらわれるかもしれないから,14,2
881,その格好で会場に入った,その高校で開常にはいった,11,6
882,君たちの指揮権を持つことになった,聞みたちの式件を持つことになった,16,5
883,君たちには働いてもらう,聞みたちにははたらいてもらく,11,6
884,もしかしたらそのころから,もしかしたらそのころから,12,0
885,警察幹部の妨害があったのかも,携末カンブの防外があったのかも,14,7
886,その程度の嘘しかつけねえようじゃ,その定度のよしかつけけねようじゃ,16,4
887,わたし根が正直だから嘘つけないの,私げが商時高かかくも使けないの,16,11
888,逮捕のときにたっぷりと,体本と答にタップリト,11,9
889,果たせへんかったけどな,ハタセン限ったけどな,11,6
890,そのすきに乗じるつもりや,その作に上じるつもりや,12,3
891,これが仕掛けられた爆弾,これがしかけられた格だん,11,5
892,あなたしか分かる人がいないと思います,あなたしかわる人がいないと思います,18,2
893,事件解決のためなら頭を下げる,時件会決のためなら高めを選る,14,6
894,それがわたしのプライド,それが私のプライド,11,3
895,この前もお前にはだまされた,この前も今前にはだまされた,13,1
896,お茶でも飲みながらゆっくりやりましょう,男でものみながライクリリやましょう,19,9
Total CER: 4311/12057=0.36,,,,
